<ImportExportXml xmlns:xsi="http://www.w3.org/2001/XMLSchema-instance">
  <Entities></Entities>
  <Roles></Roles>
  <Workflows>
    <Workflow WorkflowId="{3cca8b04-5808-4774-b286-5abdd1458c5d}" Name="Associate">
      <XamlFileName>/Workflows/Associate-3CCA8B04-5808-4774-B286-5ABDD1458C5D.xaml</XamlFileName>
      <Type>1</Type>
      <Subprocess>0</Subprocess>
      <Category>3</Category>
      <Mode>0</Mode>
      <Scope>4</Scope>
      <OnDemand>1</OnDemand>
      <TriggerOnCreate>0</TriggerOnCreate>
      <TriggerOnDelete>0</TriggerOnDelete>
      <AsyncAutodelete>0</AsyncAutodelete>
      <SyncWorkflowLogOnFailure>1</SyncWorkflowLogOnFailure>
      <StateCode>1</StateCode>
      <StatusCode>2</StatusCode>
      <CreateStage>40</CreateStage>
      <RunAs>1</RunAs>
      <SdkMessageId>{cbdd413d-8936-e611-80d5-00155d048d13}</SdkMessageId>
      <UniqueName>Associate</UniqueName>
      <IsTransacted>1</IsTransacted>
      <IntroducedVersion>1.0.0.0</IntroducedVersion>
      <IsCustomizable>1</IsCustomizable>
      <PrimaryEntity>none</PrimaryEntity>
    </Workflow>
    <Workflow WorkflowId="{efde3dbf-51f2-49dc-a24f-2578550473ae}" Name="Create">
      <XamlFileName>/Workflows/Create-EFDE3DBF-51F2-49DC-A24F-2578550473AE.xaml</XamlFileName>
      <Type>1</Type>
      <Subprocess>0</Subprocess>
      <Category>3</Category>
      <Mode>0</Mode>
      <Scope>4</Scope>
      <OnDemand>1</OnDemand>
      <TriggerOnCreate>0</TriggerOnCreate>
      <TriggerOnDelete>0</TriggerOnDelete>
      <AsyncAutodelete>0</AsyncAutodelete>
      <SyncWorkflowLogOnFailure>1</SyncWorkflowLogOnFailure>
      <StateCode>1</StateCode>
      <StatusCode>2</StatusCode>
      <CreateStage>40</CreateStage>
      <RunAs>1</RunAs>
      <SdkMessageId>{d4dd413d-8936-e611-80d5-00155d048d13}</SdkMessageId>
      <UniqueName>Create</UniqueName>
      <IsTransacted>1</IsTransacted>
      <IntroducedVersion>1.0.0.0</IntroducedVersion>
      <IsCustomizable>1</IsCustomizable>
      <PrimaryEntity>none</PrimaryEntity>
    </Workflow>
    <Workflow WorkflowId="{ed7a3187-28a8-42c6-8db2-e0b14294208a}" Name="CreateMultiple">
      <XamlFileName>/Workflows/CreateMultiple-ED7A3187-28A8-42C6-8DB2-E0B14294208A.xaml</XamlFileName>
      <Type>1</Type>
      <Subprocess>0</Subprocess>
      <Category>3</Category>
      <Mode>0</Mode>
      <Scope>4</Scope>
      <OnDemand>1</OnDemand>
      <TriggerOnCreate>0</TriggerOnCreate>
      <TriggerOnDelete>0</TriggerOnDelete>
      <AsyncAutodelete>0</AsyncAutodelete>
      <SyncWorkflowLogOnFailure>1</SyncWorkflowLogOnFailure>
      <StateCode>1</StateCode>
      <StatusCode>2</StatusCode>
      <CreateStage>40</CreateStage>
      <RunAs>1</RunAs>
      <SdkMessageId>{dcdd413d-8936-e611-80d5-00155d048d13}</SdkMessageId>
      <UniqueName>CreateMultiple</UniqueName>
      <IsTransacted>1</IsTransacted>
      <IntroducedVersion>1.0.0.0</IntroducedVersion>
      <IsCustomizable>1</IsCustomizable>
      <PrimaryEntity>none</PrimaryEntity>
    </Workflow>
    <Workflow WorkflowId="{6f0063b2-df28-422b-9aad-522a500df767}" Name="Delete">
      <XamlFileName>/Workflows/Delete-6F0063B2-DF28-422B-9AAD-522A500DF767.xaml</XamlFileName>
      <Type>1</Type>
      <Subprocess>0</Subprocess>
      <Category>3</Category>
      <Mode>0</Mode>
      <Scope>4</Scope>
      <OnDemand>1</OnDemand>
      <TriggerOnCreate>0</TriggerOnCreate>
      <TriggerOnDelete>0</TriggerOnDelete>
      <AsyncAutodelete>0</AsyncAutodelete>
      <SyncWorkflowLogOnFailure>1</SyncWorkflowLogOnFailure>
      <StateCode>1</StateCode>
      <StatusCode>2</StatusCode>
      <CreateStage>40</CreateStage>
      <RunAs>1</RunAs>
      <SdkMessageId>{e3dd413d-8936-e611-80d5-00155d048d13}</SdkMessageId>
      <UniqueName>Delete</UniqueName>
      <IsTransacted>1</IsTransacted>
      <IntroducedVersion>1.0.0.0</IntroducedVersion>
      <IsCustomizable>1</IsCustomizable>
      <PrimaryEntity>none</PrimaryEntity>
    </Workflow>
    <Workflow WorkflowId="{3b49941e-c5af-46cf-ad7e-e3603a5d181b}" Name="Disassociate">
      <XamlFileName>/Workflows/Disassociate-3B49941E-C5AF-46CF-AD7E-E3603A5D181B.xaml</XamlFileName>
      <Type>1</Type>
      <Subprocess>0</Subprocess>
      <Category>3</Category>
      <Mode>0</Mode>
      <Scope>4</Scope>
      <OnDemand>1</OnDemand>
      <TriggerOnCreate>0</TriggerOnCreate>
      <TriggerOnDelete>0</TriggerOnDelete>
      <AsyncAutodelete>0</AsyncAutodelete>
      <SyncWorkflowLogOnFailure>1</SyncWorkflowLogOnFailure>
      <StateCode>1</StateCode>
      <StatusCode>2</StatusCode>
      <CreateStage>40</CreateStage>
      <RunAs>1</RunAs>
      <SdkMessageId>{eadd413d-8936-e611-80d5-00155d048d13}</SdkMessageId>
      <UniqueName>Disassociate</UniqueName>
      <IsTransacted>1</IsTransacted>
      <IntroducedVersion>1.0.0.0</IntroducedVersion>
      <IsCustomizable>1</IsCustomizable>
      <PrimaryEntity>none</PrimaryEntity>
    </Workflow>
    <Workflow WorkflowId="{21797e1d-2827-4df7-9ae3-8f8f41e47572}" Name="Retrieve">
      <XamlFileName>/Workflows/Retrieve-21797E1D-2827-4DF7-9AE3-8F8F41E47572.xaml</XamlFileName>
      <Type>1</Type>
      <Subprocess>0</Subprocess>
      <Category>3</Category>
      <Mode>0</Mode>
      <Scope>4</Scope>
      <OnDemand>1</OnDemand>
      <TriggerOnCreate>0</TriggerOnCreate>
      <TriggerOnDelete>0</TriggerOnDelete>
      <AsyncAutodelete>0</AsyncAutodelete>
      <SyncWorkflowLogOnFailure>1</SyncWorkflowLogOnFailure>
      <StateCode>1</StateCode>
      <StatusCode>2</StatusCode>
      <CreateStage>40</CreateStage>
      <RunAs>1</RunAs>
      <SdkMessageId>{f3dd413d-8936-e611-80d5-00155d048d13}</SdkMessageId>
      <UniqueName>Retrieve</UniqueName>
      <IsTransacted>1</IsTransacted>
      <IntroducedVersion>1.0.0.0</IntroducedVersion>
      <IsCustomizable>1</IsCustomizable>
      <PrimaryEntity>none</PrimaryEntity>
    </Workflow>
    <Workflow WorkflowId="{26636130-df48-460d-b2e4-28e1f216c26b}" Name="RetrieveMultiple">
      <XamlFileName>/Workflows/RetrieveMultiple-26636130-DF48-460D-B2E4-28E1F216C26B.xaml</XamlFileName>
      <Type>1</Type>
      <Subprocess>0</Subprocess>
      <Category>3</Category>
      <Mode>0</Mode>
      <Scope>4</Scope>
      <OnDemand>1</OnDemand>
      <TriggerOnCreate>0</TriggerOnCreate>
      <TriggerOnDelete>0</TriggerOnDelete>
      <AsyncAutodelete>0</AsyncAutodelete>
      <SyncWorkflowLogOnFailure>1</SyncWorkflowLogOnFailure>
      <StateCode>1</StateCode>
      <StatusCode>2</StatusCode>
      <CreateStage>40</CreateStage>
      <RunAs>1</RunAs>
      <SdkMessageId>{fcdd413d-8936-e611-80d5-00155d048d13}</SdkMessageId>
      <UniqueName>RetrieveMultiple</UniqueName>
      <IsTransacted>1</IsTransacted>
      <IntroducedVersion>1.0.0.0</IntroducedVersion>
      <IsCustomizable>1</IsCustomizable>
      <PrimaryEntity>none</PrimaryEntity>
    </Workflow>
    <Workflow WorkflowId="{8596a92a-262f-4d10-80d1-83cca768685f}" Name="SetState">
      <XamlFileName>/Workflows/SetState-8596A92A-262F-4D10-80D1-83CCA768685F.xaml</XamlFileName>
      <Type>1</Type>
      <Subprocess>0</Subprocess>
      <Category>3</Category>
      <Mode>0</Mode>
      <Scope>4</Scope>
      <OnDemand>1</OnDemand>
      <TriggerOnCreate>0</TriggerOnCreate>
      <TriggerOnDelete>0</TriggerOnDelete>
      <AsyncAutodelete>0</AsyncAutodelete>
      <SyncWorkflowLogOnFailure>1</SyncWorkflowLogOnFailure>
      <StateCode>1</StateCode>
      <StatusCode>2</StatusCode>
      <CreateStage>40</CreateStage>
      <RunAs>1</RunAs>
      <SdkMessageId>{04de413d-8936-e611-80d5-00155d048d13}</SdkMessageId>
      <UniqueName>SetState</UniqueName>
      <IsTransacted>1</IsTransacted>
      <IntroducedVersion>1.0.0.0</IntroducedVersion>
      <IsCustomizable>1</IsCustomizable>
      <PrimaryEntity>none</PrimaryEntity>
    </Workflow>
    <Workflow WorkflowId="{767ed333-d9d0-44e3-b43c-9799c4a2046f}" Name="Update">
      <XamlFileName>/Workflows/Update-767ED333-D9D0-44E3-B43C-9799C4A2046F.xaml</XamlFileName>
      <Type>1</Type>
      <Subprocess>0</Subprocess>
      <Category>3</Category>
      <Mode>0</Mode>
      <Scope>4</Scope>
      <OnDemand>1</OnDemand>
      <TriggerOnCreate>0</TriggerOnCreate>
      <TriggerOnDelete>0</TriggerOnDelete>
      <AsyncAutodelete>0</AsyncAutodelete>
      <SyncWorkflowLogOnFailure>1</SyncWorkflowLogOnFailure>
      <StateCode>1</StateCode>
      <StatusCode>2</StatusCode>
      <CreateStage>40</CreateStage>
      <RunAs>1</RunAs>
      <SdkMessageId>{0dde413d-8936-e611-80d5-00155d048d13}</SdkMessageId>
      <UniqueName>Update</UniqueName>
      <IsTransacted>1</IsTransacted>
      <IntroducedVersion>1.0.0.0</IntroducedVersion>
      <IsCustomizable>1</IsCustomizable>
      <PrimaryEntity>none</PrimaryEntity>
    </Workflow>
    <Workflow WorkflowId="{f2c3d0ca-4c4d-4569-b58f-089fd0f43542}" Name="UpdateMultiple">
      <XamlFileName>/Workflows/UpdateMultiple-F2C3D0CA-4C4D-4569-B58F-089FD0F43542.xaml</XamlFileName>
      <Type>1</Type>
      <Subprocess>0</Subprocess>
      <Category>3</Category>
      <Mode>0</Mode>
      <Scope>4</Scope>
      <OnDemand>1</OnDemand>
      <TriggerOnCreate>0</TriggerOnCreate>
      <TriggerOnDelete>0</TriggerOnDelete>
      <AsyncAutodelete>0</AsyncAutodelete>
      <SyncWorkflowLogOnFailure>1</SyncWorkflowLogOnFailure>
      <StateCode>1</StateCode>
      <StatusCode>2</StatusCode>
      <CreateStage>40</CreateStage>
      <RunAs>1</RunAs>
      <SdkMessageId>{14de413d-8936-e611-80d5-00155d048d13}</SdkMessageId>
      <UniqueName>UpdateMultiple</UniqueName>
      <IsTransacted>1</IsTransacted>
      <IntroducedVersion>1.1.0.0</IntroducedVersion>
      <IsCustomizable>1</IsCustomizable>
      <PrimaryEntity>none</PrimaryEntity>
    </Workflow>
  </Workflows>
  <FieldSecurityProfiles></FieldSecurityProfiles>
  <Templates />
  <EntityMaps />
  <EntityRelationships />
  <OrganizationSettings />
  <optionsets />
  <SolutionPluginAssemblies>
    <PluginAssembly FullName="ProcessJS.Plugins, Version=1.0.0.0, Culture=neutral, PublicKeyToken=6aa9589abd5016b5" CustomizationLevel="1">
      <IsolationMode>2</IsolationMode>
      <SourceType>0</SourceType>
      <IntroducedVersion>1.0</IntroducedVersion>
      <FileName>/PluginAssemblies/ProcessJSPlugins-596DD0E8-E380-4B3D-8B9E-6AA61E5205EB/ProcessJSPlugins.dll</FileName>
      <PluginTypes>
        <PluginType AssemblyQualifiedName="ProcessJS.Plugins.Actions.Associate, ProcessJS.Plugins, Version=1.0.0.0, Culture=neutral, PublicKeyToken=6aa9589abd5016b5" Name="ProcessJS.Plugins.Actions.Associate">
          <FriendlyName>aae1bb41-37af-4e05-a253-9667b90ce386</FriendlyName>
        </PluginType>
        <PluginType AssemblyQualifiedName="ProcessJS.Plugins.Actions.Create, ProcessJS.Plugins, Version=1.0.0.0, Culture=neutral, PublicKeyToken=6aa9589abd5016b5" Name="ProcessJS.Plugins.Actions.Create">
          <FriendlyName>9748f495-223f-48d8-8ccf-fa9c98ada351</FriendlyName>
        </PluginType>
        <PluginType AssemblyQualifiedName="ProcessJS.Plugins.Actions.CreateMultiple, ProcessJS.Plugins, Version=1.0.0.0, Culture=neutral, PublicKeyToken=6aa9589abd5016b5" Name="ProcessJS.Plugins.Actions.CreateMultiple">
          <FriendlyName>a214c988-e0bc-4674-b75d-e1bb33473998</FriendlyName>
        </PluginType>
        <PluginType AssemblyQualifiedName="ProcessJS.Plugins.Actions.Delete, ProcessJS.Plugins, Version=1.0.0.0, Culture=neutral, PublicKeyToken=6aa9589abd5016b5" Name="ProcessJS.Plugins.Actions.Delete">
          <FriendlyName>4fa1fced-c07e-4b8c-b91a-226ffa84e73c</FriendlyName>
        </PluginType>
        <PluginType AssemblyQualifiedName="ProcessJS.Plugins.Actions.Disassociate, ProcessJS.Plugins, Version=1.0.0.0, Culture=neutral, PublicKeyToken=6aa9589abd5016b5" Name="ProcessJS.Plugins.Actions.Disassociate">
          <FriendlyName>ffd4d785-bdbc-4b16-b733-1843c03987bd</FriendlyName>
        </PluginType>
        <PluginType AssemblyQualifiedName="ProcessJS.Plugins.Actions.Retrieve, ProcessJS.Plugins, Version=1.0.0.0, Culture=neutral, PublicKeyToken=6aa9589abd5016b5" Name="ProcessJS.Plugins.Actions.Retrieve">
          <FriendlyName>3f94aa2a-e658-4096-8d1d-8dd4c221c077</FriendlyName>
        </PluginType>
        <PluginType AssemblyQualifiedName="ProcessJS.Plugins.Actions.RetrieveMultiple, ProcessJS.Plugins, Version=1.0.0.0, Culture=neutral, PublicKeyToken=6aa9589abd5016b5" Name="ProcessJS.Plugins.Actions.RetrieveMultiple">
          <FriendlyName>ee423917-45ec-4b87-8e0e-245c7cca5e67</FriendlyName>
        </PluginType>
        <PluginType AssemblyQualifiedName="ProcessJS.Plugins.Actions.SetState, ProcessJS.Plugins, Version=1.0.0.0, Culture=neutral, PublicKeyToken=6aa9589abd5016b5" Name="ProcessJS.Plugins.Actions.SetState">
          <FriendlyName>b506d944-f602-444a-8a00-709a94738283</FriendlyName>
        </PluginType>
        <PluginType AssemblyQualifiedName="ProcessJS.Plugins.Actions.Update, ProcessJS.Plugins, Version=1.0.0.0, Culture=neutral, PublicKeyToken=6aa9589abd5016b5" Name="ProcessJS.Plugins.Actions.Update">
          <FriendlyName>9cefd95e-5de7-44ab-8b1b-c152172e8df0</FriendlyName>
        </PluginType>
        <PluginType AssemblyQualifiedName="ProcessJS.Plugins.Actions.UpdateMultiple, ProcessJS.Plugins, Version=1.0.0.0, Culture=neutral, PublicKeyToken=6aa9589abd5016b5" Name="ProcessJS.Plugins.Actions.UpdateMultiple">
          <FriendlyName>3480b9ae-cb22-49d5-a104-88b1032de35e</FriendlyName>
        </PluginType>
      </PluginTypes>
    </PluginAssembly>
  </SolutionPluginAssemblies>
  <SdkMessageProcessingSteps>
    <SdkMessageProcessingStep Name="ProcessJS.Plugins.Actions.Associate: mag_Associate of  any Entity" SdkMessageProcessingStepId="{9fd2730e-9f36-e611-80d5-00155d048d13}">
      <PluginTypeName>ProcessJS.Plugins.Actions.Associate, ProcessJS.Plugins, Version=1.0.0.0, Culture=neutral, PublicKeyToken=6aa9589abd5016b5</PluginTypeName>
      <AsyncAutoDelete>0</AsyncAutoDelete>
      <InvocationSource>0</InvocationSource>
      <Mode>0</Mode>
      <Rank>1</Rank>
      <SdkMessageId>{cbdd413d-8936-e611-80d5-00155d048d13}</SdkMessageId>
      <EventHandlerTypeCode>4602</EventHandlerTypeCode>
      <Stage>40</Stage>
      <IsCustomizable>1</IsCustomizable>
      <IsHidden>0</IsHidden>
      <SupportedDeployment>0</SupportedDeployment>
      <IntroducedVersion>1.0</IntroducedVersion>
      <SdkMessageProcessingStepImages />
    </SdkMessageProcessingStep>
    <SdkMessageProcessingStep Name="ProcessJS.Plugins.Actions.Create: mag_Create of  any Entity" SdkMessageProcessingStepId="{fe45cfe6-8936-e611-80d5-00155d048d13}">
      <PluginTypeName>ProcessJS.Plugins.Actions.Create, ProcessJS.Plugins, Version=1.0.0.0, Culture=neutral, PublicKeyToken=6aa9589abd5016b5</PluginTypeName>
      <AsyncAutoDelete>0</AsyncAutoDelete>
      <InvocationSource>0</InvocationSource>
      <Mode>0</Mode>
      <Rank>1</Rank>
      <SdkMessageId>{d4dd413d-8936-e611-80d5-00155d048d13}</SdkMessageId>
      <EventHandlerTypeCode>4602</EventHandlerTypeCode>
      <Stage>40</Stage>
      <IsCustomizable>1</IsCustomizable>
      <IsHidden>0</IsHidden>
      <SupportedDeployment>0</SupportedDeployment>
      <IntroducedVersion>1.0</IntroducedVersion>
      <SdkMessageProcessingStepImages />
    </SdkMessageProcessingStep>
    <SdkMessageProcessingStep Name="ProcessJS.Plugins.Actions.CreateMultiple: mag_CreateMultiple of  any Entity" SdkMessageProcessingStepId="{2eb969ef-8936-e611-80d5-00155d048d13}">
      <PluginTypeName>ProcessJS.Plugins.Actions.CreateMultiple, ProcessJS.Plugins, Version=1.0.0.0, Culture=neutral, PublicKeyToken=6aa9589abd5016b5</PluginTypeName>
      <AsyncAutoDelete>0</AsyncAutoDelete>
      <InvocationSource>0</InvocationSource>
      <Mode>0</Mode>
      <Rank>1</Rank>
      <SdkMessageId>{dcdd413d-8936-e611-80d5-00155d048d13}</SdkMessageId>
      <EventHandlerTypeCode>4602</EventHandlerTypeCode>
      <Stage>40</Stage>
      <IsCustomizable>1</IsCustomizable>
      <IsHidden>0</IsHidden>
      <SupportedDeployment>0</SupportedDeployment>
      <IntroducedVersion>1.0</IntroducedVersion>
      <SdkMessageProcessingStepImages />
    </SdkMessageProcessingStep>
    <SdkMessageProcessingStep Name="ProcessJS.Plugins.Actions.Delete: mag_Delete of  any Entity" SdkMessageProcessingStepId="{30b969ef-8936-e611-80d5-00155d048d13}">
      <PluginTypeName>ProcessJS.Plugins.Actions.Delete, ProcessJS.Plugins, Version=1.0.0.0, Culture=neutral, PublicKeyToken=6aa9589abd5016b5</PluginTypeName>
      <AsyncAutoDelete>0</AsyncAutoDelete>
      <InvocationSource>0</InvocationSource>
      <Mode>0</Mode>
      <Rank>1</Rank>
      <SdkMessageId>{e3dd413d-8936-e611-80d5-00155d048d13}</SdkMessageId>
      <EventHandlerTypeCode>4602</EventHandlerTypeCode>
      <Stage>40</Stage>
      <IsCustomizable>1</IsCustomizable>
      <IsHidden>0</IsHidden>
      <SupportedDeployment>0</SupportedDeployment>
      <IntroducedVersion>1.0</IntroducedVersion>
      <SdkMessageProcessingStepImages />
    </SdkMessageProcessingStep>
    <SdkMessageProcessingStep Name="ProcessJS.Plugins.Actions.Disassociate: mag_Disassociate of  any Entity" SdkMessageProcessingStepId="{c7156df9-8936-e611-80d5-00155d048d13}">
      <PluginTypeName>ProcessJS.Plugins.Actions.Disassociate, ProcessJS.Plugins, Version=1.0.0.0, Culture=neutral, PublicKeyToken=6aa9589abd5016b5</PluginTypeName>
      <AsyncAutoDelete>0</AsyncAutoDelete>
      <InvocationSource>0</InvocationSource>
      <Mode>0</Mode>
      <Rank>1</Rank>
      <SdkMessageId>{eadd413d-8936-e611-80d5-00155d048d13}</SdkMessageId>
      <EventHandlerTypeCode>4602</EventHandlerTypeCode>
      <Stage>40</Stage>
      <IsCustomizable>1</IsCustomizable>
      <IsHidden>0</IsHidden>
      <SupportedDeployment>0</SupportedDeployment>
      <IntroducedVersion>1.0</IntroducedVersion>
      <SdkMessageProcessingStepImages />
    </SdkMessageProcessingStep>
    <SdkMessageProcessingStep Name="ProcessJS.Plugins.Actions.Retrieve: mag_Retrieve of  any Entity" SdkMessageProcessingStepId="{c9156df9-8936-e611-80d5-00155d048d13}">
      <PluginTypeName>ProcessJS.Plugins.Actions.Retrieve, ProcessJS.Plugins, Version=1.0.0.0, Culture=neutral, PublicKeyToken=6aa9589abd5016b5</PluginTypeName>
      <AsyncAutoDelete>0</AsyncAutoDelete>
      <InvocationSource>0</InvocationSource>
      <Mode>0</Mode>
      <Rank>1</Rank>
      <SdkMessageId>{f3dd413d-8936-e611-80d5-00155d048d13}</SdkMessageId>
      <EventHandlerTypeCode>4602</EventHandlerTypeCode>
      <Stage>40</Stage>
      <IsCustomizable>1</IsCustomizable>
      <IsHidden>0</IsHidden>
      <SupportedDeployment>0</SupportedDeployment>
      <IntroducedVersion>1.0</IntroducedVersion>
      <SdkMessageProcessingStepImages />
    </SdkMessageProcessingStep>
    <SdkMessageProcessingStep Name="ProcessJS.Plugins.Actions.RetrieveMultiple: mag_RetrieveMultiple of  any Entity" SdkMessageProcessingStepId="{8bb14b02-8a36-e611-80d5-00155d048d13}">
      <PluginTypeName>ProcessJS.Plugins.Actions.RetrieveMultiple, ProcessJS.Plugins, Version=1.0.0.0, Culture=neutral, PublicKeyToken=6aa9589abd5016b5</PluginTypeName>
      <AsyncAutoDelete>0</AsyncAutoDelete>
      <InvocationSource>0</InvocationSource>
      <Mode>0</Mode>
      <Rank>1</Rank>
      <SdkMessageId>{fcdd413d-8936-e611-80d5-00155d048d13}</SdkMessageId>
      <EventHandlerTypeCode>4602</EventHandlerTypeCode>
      <Stage>40</Stage>
      <IsCustomizable>1</IsCustomizable>
      <IsHidden>0</IsHidden>
      <SupportedDeployment>0</SupportedDeployment>
      <IntroducedVersion>1.0</IntroducedVersion>
      <SdkMessageProcessingStepImages />
    </SdkMessageProcessingStep>
    <SdkMessageProcessingStep Name="ProcessJS.Plugins.Actions.SetState: mag_SetState of  any Entity" SdkMessageProcessingStepId="{8db14b02-8a36-e611-80d5-00155d048d13}">
      <PluginTypeName>ProcessJS.Plugins.Actions.SetState, ProcessJS.Plugins, Version=1.0.0.0, Culture=neutral, PublicKeyToken=6aa9589abd5016b5</PluginTypeName>
      <AsyncAutoDelete>0</AsyncAutoDelete>
      <InvocationSource>0</InvocationSource>
      <Mode>0</Mode>
      <Rank>1</Rank>
      <SdkMessageId>{04de413d-8936-e611-80d5-00155d048d13}</SdkMessageId>
      <EventHandlerTypeCode>4602</EventHandlerTypeCode>
      <Stage>40</Stage>
      <IsCustomizable>1</IsCustomizable>
      <IsHidden>0</IsHidden>
      <SupportedDeployment>0</SupportedDeployment>
      <IntroducedVersion>1.0</IntroducedVersion>
      <SdkMessageProcessingStepImages />
    </SdkMessageProcessingStep>
    <SdkMessageProcessingStep Name="ProcessJS.Plugins.Actions.Update: mag_Update of  any Entity" SdkMessageProcessingStepId="{e8ac960a-8a36-e611-80d5-00155d048d13}">
      <PluginTypeName>ProcessJS.Plugins.Actions.Update, ProcessJS.Plugins, Version=1.0.0.0, Culture=neutral, PublicKeyToken=6aa9589abd5016b5</PluginTypeName>
      <AsyncAutoDelete>0</AsyncAutoDelete>
      <InvocationSource>0</InvocationSource>
      <Mode>0</Mode>
      <Rank>1</Rank>
      <SdkMessageId>{0dde413d-8936-e611-80d5-00155d048d13}</SdkMessageId>
      <EventHandlerTypeCode>4602</EventHandlerTypeCode>
      <Stage>40</Stage>
      <IsCustomizable>1</IsCustomizable>
      <IsHidden>0</IsHidden>
      <SupportedDeployment>0</SupportedDeployment>
      <IntroducedVersion>1.0</IntroducedVersion>
      <SdkMessageProcessingStepImages />
    </SdkMessageProcessingStep>
    <SdkMessageProcessingStep Name="ProcessJS.Plugins.Actions.UpdateMultiple: mag_UpdateMultiple of  any Entity" SdkMessageProcessingStepId="{eaac960a-8a36-e611-80d5-00155d048d13}">
      <PluginTypeName>ProcessJS.Plugins.Actions.UpdateMultiple, ProcessJS.Plugins, Version=1.0.0.0, Culture=neutral, PublicKeyToken=6aa9589abd5016b5</PluginTypeName>
      <AsyncAutoDelete>0</AsyncAutoDelete>
      <InvocationSource>0</InvocationSource>
      <Mode>0</Mode>
      <Rank>1</Rank>
      <SdkMessageId>{14de413d-8936-e611-80d5-00155d048d13}</SdkMessageId>
      <EventHandlerTypeCode>4602</EventHandlerTypeCode>
      <Stage>40</Stage>
      <IsCustomizable>1</IsCustomizable>
      <IsHidden>0</IsHidden>
      <SupportedDeployment>0</SupportedDeployment>
      <IntroducedVersion>1.0</IntroducedVersion>
      <SdkMessageProcessingStepImages />
    </SdkMessageProcessingStep>
  </SdkMessageProcessingSteps>
  <Languages>
    <Language>1033</Language>
  </Languages>
</ImportExportXml>