<ImportExportXml version="6.1.0000.0581" SolutionPackageVersion="6.0" languagecode="1033" generatedBy="OnPremise" xmlns:xsi="http://www.w3.org/2001/XMLSchema-instance">
  <SolutionManifest>
    <UniqueName>ProcessJSExtensions</UniqueName>
    <LocalizedNames>
      <LocalizedName description="Process JS Extensions" languagecode="1033" />
    </LocalizedNames>
    <Descriptions />
    <Version>2.0.0.0</Version>
    <Managed>1</Managed>
    <Publisher>
      <UniqueName>magnetism</UniqueName>
      <LocalizedNames>
        <LocalizedName description="Magnetism" languagecode="1033" />
      </LocalizedNames>
      <Descriptions />
      <EMailAddress xsi:nil="true"></EMailAddress>
      <SupportingWebsiteUrl xsi:nil="true"></SupportingWebsiteUrl>
      <CustomizationPrefix>mag</CustomizationPrefix>
      <CustomizationOptionValuePrefix>80973</CustomizationOptionValuePrefix>
      <Addresses>
        <Address>
          <AddressNumber>1</AddressNumber>
          <AddressTypeCode>1</AddressTypeCode>
          <City xsi:nil="true"></City>
          <County xsi:nil="true"></County>
          <Country xsi:nil="true"></Country>
          <Fax xsi:nil="true"></Fax>
          <FreightTermsCode xsi:nil="true"></FreightTermsCode>
          <ImportSequenceNumber xsi:nil="true"></ImportSequenceNumber>
          <Latitude xsi:nil="true"></Latitude>
          <Line1 xsi:nil="true"></Line1>
          <Line2 xsi:nil="true"></Line2>
          <Line3 xsi:nil="true"></Line3>
          <Longitude xsi:nil="true"></Longitude>
          <Name xsi:nil="true"></Name>
          <PostalCode xsi:nil="true"></PostalCode>
          <PostOfficeBox xsi:nil="true"></PostOfficeBox>
          <PrimaryContactName xsi:nil="true"></PrimaryContactName>
          <ShippingMethodCode>1</ShippingMethodCode>
          <StateOrProvince xsi:nil="true"></StateOrProvince>
          <Telephone1 xsi:nil="true"></Telephone1>
          <Telephone2 xsi:nil="true"></Telephone2>
          <Telephone3 xsi:nil="true"></Telephone3>
          <TimeZoneRuleVersionNumber xsi:nil="true"></TimeZoneRuleVersionNumber>
          <UPSZone xsi:nil="true"></UPSZone>
          <UTCOffset xsi:nil="true"></UTCOffset>
          <UTCConversionTimeZoneCode xsi:nil="true"></UTCConversionTimeZoneCode>
        </Address>
        <Address>
          <AddressNumber>2</AddressNumber>
          <AddressTypeCode>1</AddressTypeCode>
          <City xsi:nil="true"></City>
          <County xsi:nil="true"></County>
          <Country xsi:nil="true"></Country>
          <Fax xsi:nil="true"></Fax>
          <FreightTermsCode xsi:nil="true"></FreightTermsCode>
          <ImportSequenceNumber xsi:nil="true"></ImportSequenceNumber>
          <Latitude xsi:nil="true"></Latitude>
          <Line1 xsi:nil="true"></Line1>
          <Line2 xsi:nil="true"></Line2>
          <Line3 xsi:nil="true"></Line3>
          <Longitude xsi:nil="true"></Longitude>
          <Name xsi:nil="true"></Name>
          <PostalCode xsi:nil="true"></PostalCode>
          <PostOfficeBox xsi:nil="true"></PostOfficeBox>
          <PrimaryContactName xsi:nil="true"></PrimaryContactName>
          <ShippingMethodCode>1</ShippingMethodCode>
          <StateOrProvince xsi:nil="true"></StateOrProvince>
          <Telephone1 xsi:nil="true"></Telephone1>
          <Telephone2 xsi:nil="true"></Telephone2>
          <Telephone3 xsi:nil="true"></Telephone3>
          <TimeZoneRuleVersionNumber xsi:nil="true"></TimeZoneRuleVersionNumber>
          <UPSZone xsi:nil="true"></UPSZone>
          <UTCOffset xsi:nil="true"></UTCOffset>
          <UTCConversionTimeZoneCode xsi:nil="true"></UTCConversionTimeZoneCode>
        </Address>
      </Addresses>
    </Publisher>
    <RootComponents>
      <RootComponent type="29" id="{21797e1d-2827-4df7-9ae3-8f8f41e47572}" />
      <RootComponent type="29" id="{26636130-df48-460d-b2e4-28e1f216c26b}" />
      <RootComponent type="29" id="{3b49941e-c5af-46cf-ad7e-e3603a5d181b}" />
      <RootComponent type="29" id="{3cca8b04-5808-4774-b286-5abdd1458c5d}" />
      <RootComponent type="29" id="{6f0063b2-df28-422b-9aad-522a500df767}" />
      <RootComponent type="29" id="{767ed333-d9d0-44e3-b43c-9799c4a2046f}" />
      <RootComponent type="29" id="{8596a92a-262f-4d10-80d1-83cca768685f}" />
      <RootComponent type="29" id="{ed7a3187-28a8-42c6-8db2-e0b14294208a}" />
      <RootComponent type="29" id="{efde3dbf-51f2-49dc-a24f-2578550473ae}" />
      <RootComponent type="29" id="{f2c3d0ca-4c4d-4569-b58f-089fd0f43542}" />
      <RootComponent type="91" schemaName="ProcessJS.Plugins, Version=1.0.0.0, Culture=neutral, PublicKeyToken=6aa9589abd5016b5" />
      <RootComponent type="92" id="{2eb969ef-8936-e611-80d5-00155d048d13}" />
      <RootComponent type="92" id="{30b969ef-8936-e611-80d5-00155d048d13}" />
      <RootComponent type="92" id="{8bb14b02-8a36-e611-80d5-00155d048d13}" />
      <RootComponent type="92" id="{8db14b02-8a36-e611-80d5-00155d048d13}" />
      <RootComponent type="92" id="{9fd2730e-9f36-e611-80d5-00155d048d13}" />
      <RootComponent type="92" id="{c7156df9-8936-e611-80d5-00155d048d13}" />
      <RootComponent type="92" id="{c9156df9-8936-e611-80d5-00155d048d13}" />
      <RootComponent type="92" id="{e8ac960a-8a36-e611-80d5-00155d048d13}" />
      <RootComponent type="92" id="{eaac960a-8a36-e611-80d5-00155d048d13}" />
      <RootComponent type="92" id="{fe45cfe6-8936-e611-80d5-00155d048d13}" />
    </RootComponents>
    <MissingDependencies />
  </SolutionManifest>
</ImportExportXml>